{"epoch": 99, "train_loss": 72.26915740966797, "val_loss": 11.679852485656738, "train_MAE": 4.558897126804698, "val_MAE": 1.1116019010543823, "_timestamp": 1688379113.101996, "_runtime": 45.031774044036865, "_step": 99, "_wandb": {"runtime": 44}}