{"epoch": 99, "train_loss": 71.08047485351562, "val_loss": 2.8147389888763428, "train_MAE": 4.818086429075762, "val_MAE": 0.9218827009201049, "_timestamp": 1688379175.8792531, "_runtime": 45.79859113693237, "_step": 99, "_wandb": {"runtime": 45}}