{"epoch": 49, "train_loss": 2.073209762573242, "val_loss": 1.4886674880981445, "train_MAE": 1.1374048319729892, "val_MAE": 0.982257604598999, "_timestamp": 1688465461.7866976, "_runtime": 31.58914351463318, "_step": 54, "regression": {"_type": "plotly-file", "sha256": "bca0270e4ac71e99f52275057a099d06c4d8bda9565cdf3c882f98425c99f537", "size": 166501, "path": "media/plotly/regression_45_bca0270e4ac71e99f522.plotly.json"}, "_wandb": {"runtime": 31}}