{"epoch": 49, "train_loss": 1.2896718978881836, "val_loss": 1.2661579847335815, "train_MAE": 0.8889483972029253, "val_MAE": 0.9109496474266052, "_timestamp": 1688465849.6550663, "_runtime": 30.47528624534607, "_step": 54, "regression": {"_type": "plotly-file", "sha256": "6f66bdb45770f1b1d03ccc6555ae692e2da3e03aa0e725daa9cad9a572c8b890", "size": 165534, "path": "media/plotly/regression_45_6f66bdb45770f1b1d03c.plotly.json"}, "_wandb": {"runtime": 29}}