{"epoch": 99, "train_loss": 91.359130859375, "val_loss": 9.972599983215332, "train_MAE": 5.53050659642075, "val_MAE": 2.575862264633179, "_timestamp": 1688379356.4723713, "_runtime": 49.30834722518921, "_step": 99, "_wandb": {"runtime": 48}}