{
  "activation": "relu",
  "batch_size": 64,
  "decay_rate": 0.005,
  "dropout": 0.30000000000000004,
  "early_stopping_patience": 50,
  "feature_dropout": 0.15000000000000002,
  "hidden_sizes": [
    64,
    32
  ],
  "l2_regularization": 6.027108101905047e-05,
  "log_loss_frequency": 2,
  "logdir": "output",
  "lr": 0.0019228919042838005,
  "num_basis_functions": 64,
  "num_epochs": 200,
  "output_regularization": 0.029035407316430818,
  "regression": true,
  "shuffle": true,
  "use_dnn": false,
  "wandb": false
}