{"epoch": 9, "train_loss": 1.7288402318954468, "val_loss": 1.1381837129592896, "train_MAE": 1.0529831539500842, "val_MAE": 0.83994260430336, "_timestamp": 1688449659.7950165, "_runtime": 26.197280645370483, "_step": 9, "_wandb": {"runtime": 25}}