{"epoch": 99, "train_loss": 14.947836875915527, "val_loss": 14.870782852172852, "train_MAE": 0.8047726642001759, "val_MAE": 0.7091622710227966, "_timestamp": 1688380616.668438, "_runtime": 45.37829899787903, "_step": 99, "_wandb": {"runtime": 44}}