{"epoch": 49, "train_loss": 2.503760576248169, "val_loss": 1.6806716918945312, "train_MAE": 1.2581390684301204, "val_MAE": 1.0593341886997223, "_timestamp": 1688464627.328845, "_runtime": 30.862889051437378, "_step": 54, "regression": {"_type": "plotly-file", "sha256": "b548200cd8d85733ecb5928b7cf38ba939b9ba6922463de7da3d2a665063cc34", "size": 165194, "path": "media/plotly/regression_45_b548200cd8d85733ecb5.plotly.json"}, "_wandb": {"runtime": 30}}