{"epoch": 14, "train_loss": 94.78731536865234, "val_loss": 94.85275268554688, "train_MAE": 1.2541337302236846, "val_MAE": 1.2761477470397948, "_timestamp": 1688371279.8527374, "_runtime": 27.865609407424927, "_step": 14, "_wandb": {"runtime": 27}}