{"epoch": 99, "train_loss": 225.89767456054688, "val_loss": 33.637447357177734, "train_MAE": 10.53325825026541, "val_MAE": 5.187829303741455, "_timestamp": 1688376837.598234, "_runtime": 46.204360008239746, "_step": 99, "_wandb": {"runtime": 45}}