{"epoch": 99, "train_loss": 209.6507110595703, "val_loss": 12.130276679992676, "train_MAE": 8.841774463653564, "val_MAE": 2.6623015880584715, "_timestamp": 1688379004.9175513, "_runtime": 46.25695037841797, "_step": 99, "_wandb": {"runtime": 45}}