{"epoch": 24, "train_loss": 1.3781187534332275, "val_loss": 1.5252184867858887, "train_MAE": 0.9132055531848561, "val_MAE": 0.9878557920455933, "_timestamp": 1688460942.0839505, "_runtime": 27.36332941055298, "_step": 29, "regression": {"_type": "plotly-file", "sha256": "6a88b8882ebe4e5aa833f141729d4b8087ae343f53613c94a639b96c80f1dc0a", "size": 165376, "path": "media/plotly/regression_25_6a88b8882ebe4e5aa833.plotly.json"}, "_wandb": {"runtime": 26}}