{"epoch": 99, "train_loss": 179.14852905273438, "val_loss": 39.51787567138672, "train_MAE": 7.544591484647809, "val_MAE": 4.132602834701538, "_timestamp": 1688379786.7049694, "_runtime": 47.5785493850708, "_step": 99, "_wandb": {"runtime": 47}}