{"epoch": 49, "train_loss": 1.693475365638733, "val_loss": 1.079148769378662, "train_MAE": 0.9902885989709334, "val_MAE": 0.8268387913703918, "_timestamp": 1688465807.7063043, "_runtime": 30.49472737312317, "_step": 54, "regression": {"_type": "plotly-file", "sha256": "19fe008c8b831167f1262992e700cd990b7c7b9b5b07ef703c10e22ee263852f", "size": 165402, "path": "media/plotly/regression_45_19fe008c8b831167f126.plotly.json"}, "_wandb": {"runtime": 29}}