{"epoch": 99, "train_loss": 72.95515441894531, "val_loss": 4.722599506378174, "train_MAE": 4.960305799137462, "val_MAE": 1.4211085081100463, "_timestamp": 1688378882.60435, "_runtime": 45.62293720245361, "_step": 99, "_wandb": {"runtime": 45}}