{"epoch": 49, "train_loss": 1.1268163919448853, "val_loss": 1.1366559267044067, "train_MAE": 0.8344641165299849, "val_MAE": 0.8423787951469421, "_timestamp": 1688466315.1749532, "_runtime": 30.90819025039673, "_step": 54, "regression": {"_type": "plotly-file", "sha256": "7e5c60b4693946bbd0958abc0a28ab92fde76e05d396ad62ba10ba5f265a4c8c", "size": 165382, "path": "media/plotly/regression_45_7e5c60b4693946bbd095.plotly.json"}, "_wandb": {"runtime": 30}}