{"epoch": 99, "train_loss": 201.0435791015625, "val_loss": 20.141925811767578, "train_MAE": 8.131427938287908, "val_MAE": 1.275014305114746, "_timestamp": 1688379599.2647383, "_runtime": 47.21638035774231, "_step": 99, "_wandb": {"runtime": 46}}