{"epoch": 9, "train_loss": 2.371894359588623, "val_loss": 1.4501668214797974, "train_MAE": 1.248540087179704, "val_MAE": 0.9593995809555054, "_timestamp": 1688449842.8895047, "_runtime": 25.953948736190796, "_step": 9, "_wandb": {"runtime": 25}}