{"epoch": 21, "train_loss": 419.57366943359375, "val_loss": 49.020782470703125, "train_MAE": 14.455155401518851, "val_MAE": 5.694692802429199, "_timestamp": 1688379986.6010115, "_runtime": 28.406888484954834, "_step": 21, "_wandb": {"runtime": 28}}