{"epoch": 9, "train_loss": 1.2163610458374023, "val_loss": 2.0035197734832764, "train_MAE": 0.8890841928395358, "val_MAE": 1.1257461309432983, "regression": {"_type": "plotly-file", "sha256": "8b7a06b8934f0e9c311336c619499e38638b9c6f6dcd537cd3e0c6680d560d7b", "size": 165317, "path": "media/plotly/regression_9_8b7a06b8934f0e9c3113.plotly.json"}, "_timestamp": 1688459733.964059, "_runtime": 30.12078022956848, "_step": 9, "_wandb": {"runtime": 29}}