{"epoch": 49, "train_loss": 1.7267348766326904, "val_loss": 1.1674871444702148, "train_MAE": 1.0107027834111995, "val_MAE": 0.8639885485172272, "_timestamp": 1688464237.4147744, "_runtime": 32.94557046890259, "_step": 54, "regression": {"_type": "plotly-file", "sha256": "bf0e418b8ab3a378918975cd752c3646ad421d27b766c92e08d779a400022654", "size": 166229, "path": "media/plotly/regression_45_bf0e418b8ab3a3789189.plotly.json"}, "_wandb": {"runtime": 32}}