{"epoch": 99, "train_loss": 176.84994506835938, "val_loss": 18.74396324157715, "train_MAE": 7.7680402524543535, "val_MAE": 2.4492985725402834, "_timestamp": 1688379541.6688328, "_runtime": 47.740275859832764, "_step": 99, "_wandb": {"runtime": 47}}