{
  "activation": "exu",
  "batch_size": 64,
  "decay_rate": 0.005,
  "dropout": 0.6000000000000001,
  "early_stopping_patience": 50,
  "feature_dropout": 0.15000000000000002,
  "hidden_sizes": [
    64,
    32
  ],
  "l2_regularization": 9.791516833146129e-05,
  "log_loss_frequency": 2,
  "logdir": "output",
  "lr": 0.001510720711178166,
  "num_basis_functions": 64,
  "num_epochs": 200,
  "output_regularization": 0.002343357866178322,
  "regression": true,
  "shuffle": true,
  "use_dnn": false,
  "wandb": false
}