{"epoch": 99, "train_loss": 7.037117958068848, "val_loss": 9.249427795410156, "train_MAE": 1.172711021972425, "val_MAE": 1.7740559339523316, "_timestamp": 1688377118.4194756, "_runtime": 47.420650482177734, "_step": 99, "_wandb": {"runtime": 46}}