{"epoch": 49, "train_loss": 2.2302114963531494, "val_loss": 2.136988401412964, "train_MAE": 1.173508503220298, "val_MAE": 1.2157878875732422, "_timestamp": 1688465544.8747828, "_runtime": 30.780725717544556, "_step": 54, "regression": {"_type": "plotly-file", "sha256": "a9bf2d96dc8d4d05c6ab4621b4ad09ad8d936175cead0b43e57f45ef3c555554", "size": 166708, "path": "media/plotly/regression_45_a9bf2d96dc8d4d05c6ab.plotly.json"}, "_wandb": {"runtime": 30}}