{"epoch": 99, "train_loss": 75.05340576171875, "val_loss": 5.0700883865356445, "train_MAE": 6.328347943045876, "val_MAE": 1.7044245719909668, "_timestamp": 1688378770.5655704, "_runtime": 46.654818296432495, "_step": 99, "_wandb": {"runtime": 46}}