{"epoch": 99, "train_loss": 5.460330009460449, "val_loss": 5.331728935241699, "train_MAE": 0.9571849143866337, "val_MAE": 0.9222579598426819, "_timestamp": 1688378169.0968974, "_runtime": 44.251784324645996, "_step": 99, "_wandb": {"runtime": 43}}