{"epoch": 49, "train_loss": 1.9695969820022583, "val_loss": 1.4695743322372437, "train_MAE": 1.0846913240172646, "val_MAE": 0.9906293451786041, "_timestamp": 1688464834.9391677, "_runtime": 30.27255368232727, "_step": 54, "regression": {"_type": "plotly-file", "sha256": "050a46432054210295892e3c3811e0800bc8629848f4de3ecd217e34175c10af", "size": 165376, "path": "media/plotly/regression_45_050a4643205421029589.plotly.json"}, "_wandb": {"runtime": 29}}