{"epoch": 49, "train_loss": 2.012923240661621, "val_loss": 1.4183515310287476, "train_MAE": 1.066040109504353, "val_MAE": 0.917823076248169, "_timestamp": 1688464960.7516959, "_runtime": 30.591193914413452, "_step": 54, "regression": {"_type": "plotly-file", "sha256": "2f9a936cda7bba28c874bd1e8e664f4448790c76ea31cc79a677fef5a3eeebfe", "size": 165248, "path": "media/plotly/regression_45_2f9a936cda7bba28c874.plotly.json"}, "_wandb": {"runtime": 30}}