{"epoch": 99, "train_loss": 85.15403747558594, "val_loss": 2.0454764366149902, "train_MAE": 6.594794923608953, "val_MAE": 0.9986708402633667, "_timestamp": 1688376549.349917, "_runtime": 48.07707190513611, "_step": 99, "_wandb": {"runtime": 47}}