{"epoch": 99, "train_loss": 57.814964294433594, "val_loss": 5.015547275543213, "train_MAE": 5.941628687309496, "val_MAE": 1.762084174156189, "_timestamp": 1688377698.7151568, "_runtime": 47.17210268974304, "_step": 99, "_wandb": {"runtime": 46}}