{"epoch": 29, "train_loss": 1.1424280405044556, "val_loss": 1.1592917442321777, "train_MAE": 0.8631982153112238, "val_MAE": 0.8296588361263275, "_timestamp": 1688462944.6493204, "_runtime": 28.398792266845703, "_step": 35, "regression": {"_type": "plotly-file", "sha256": "6969e08bc60f5fb52860d4cdecc0075b3935920f57b16d8ad46702c601b30845", "size": 165668, "path": "media/plotly/regression_31_6969e08bc60f5fb52860.plotly.json"}, "_wandb": {"runtime": 27}}