{"epoch": 9, "train_loss": 1.2551751136779785, "val_loss": 1.2046282291412354, "train_MAE": 0.8826241764155301, "val_MAE": 0.8594556748867035, "_timestamp": 1688449987.9808006, "_runtime": 25.319912672042847, "_step": 9, "_wandb": {"runtime": 24}}