{"epoch": 99, "train_loss": 4126.71875, "val_loss": 1900.0257568359375, "train_MAE": 55.61792142463453, "val_MAE": 43.5447509765625, "_timestamp": 1688372400.575465, "_runtime": 46.96109700202942, "_step": 99, "_wandb": {"runtime": 46}}