{"epoch": 99, "train_loss": 4.030097007751465, "val_loss": 3.507808208465576, "train_MAE": 1.0289091449795347, "val_MAE": 0.8402678608894348, "_timestamp": 1688378829.901804, "_runtime": 47.98319387435913, "_step": 99, "_wandb": {"runtime": 47}}