{"epoch": 9, "train_loss": 1.4114917516708374, "val_loss": 2.0581278800964355, "train_MAE": 0.957789421081543, "val_MAE": 1.0969940423965454, "regression": {"_type": "plotly-file", "sha256": "9e051ed1626398260ce82e1b413f13d8a1e80fc3ecfcd7853674ad94edd8f75b", "size": 165470, "path": "media/plotly/regression_9_9e051ed1626398260ce8.plotly.json"}, "_timestamp": 1688459581.7159214, "_runtime": 30.531660318374634, "_step": 9, "_wandb": {"runtime": 29}}