{"epoch": 99, "train_loss": 5.074591159820557, "val_loss": 4.859705924987793, "train_MAE": 0.9477318651748426, "val_MAE": 0.8990103960037231, "_timestamp": 1688380044.289397, "_runtime": 46.37297511100769, "_step": 99, "_wandb": {"runtime": 45}}