{"epoch": 49, "train_loss": 3.4658353328704834, "val_loss": 3.660419464111328, "train_MAE": 1.5415802868929775, "val_MAE": 1.582554817199707, "_timestamp": 1688465677.6871893, "_runtime": 32.518150329589844, "_step": 54, "regression": {"_type": "plotly-file", "sha256": "f021b2fb58b888a47ae1e49249d666ed55016d7c47cb4ee444321a7601109db3", "size": 165597, "path": "media/plotly/regression_45_f021b2fb58b888a47ae1.plotly.json"}, "_wandb": {"runtime": 30}}