{"epoch": 9, "train_loss": 1.3794244527816772, "val_loss": 1.8345036506652832, "train_MAE": 0.9329670017415826, "val_MAE": 1.0277822315692902, "_timestamp": 1688460444.6286647, "_runtime": 26.67585277557373, "_step": 10, "regression": {"_type": "plotly-file", "sha256": "1e8c1c29695c63666a22584aa058deb12a94c67f5a15a2aa79e3e698eabf4a78", "size": 165165, "path": "media/plotly/regression_1_1e8c1c29695c63666a22.plotly.json"}, "_wandb": {"runtime": 26}}