{"epoch": 9, "train_loss": 1.3954252004623413, "val_loss": 1.835862398147583, "train_MAE": 0.9371723532676697, "val_MAE": 1.0263407230377197, "_timestamp": 1688460286.314896, "regression": {"_type": "plotly-file", "sha256": "6bf799dace017356482408ce717cb91966d3839060776468c198e2171160ae30", "size": 165025, "path": "media/plotly/regression_0_6bf799dace0173564824.plotly.json"}, "_runtime": 25.99001717567444, "_step": 1, "_wandb": {"runtime": 25}}