{"epoch": 49, "train_loss": 2.236037254333496, "val_loss": 1.5558273792266846, "train_MAE": 1.1653556661172346, "val_MAE": 0.998127818107605, "_timestamp": 1688466273.625099, "_runtime": 31.284190893173218, "_step": 54, "regression": {"_type": "plotly-file", "sha256": "a5bdf34b977a348c0d59ed03c67e742a9ee87008e3c64a07b35778f0aa593317", "size": 165925, "path": "media/plotly/regression_45_a5bdf34b977a348c0d59.plotly.json"}, "_wandb": {"runtime": 30}}