{"epoch": 99, "train_loss": 87.29851531982422, "val_loss": 5.758188724517822, "train_MAE": 5.501143802296031, "val_MAE": 1.6921990871429444, "_timestamp": 1688380101.677278, "_runtime": 46.92973494529724, "_step": 99, "_wandb": {"runtime": 46}}