{"epoch": 99, "train_loss": 188.5703582763672, "val_loss": 6.995517730712891, "train_MAE": 8.572648149548154, "val_MAE": 2.205419158935547, "_timestamp": 1688380503.241882, "_runtime": 47.31658101081848, "_step": 99, "_wandb": {"runtime": 46}}