{"epoch": 29, "train_loss": 1.1182376146316528, "val_loss": 1.2333537340164185, "train_MAE": 0.8466298525983637, "val_MAE": 0.8630061149597168, "_timestamp": 1688462986.411981, "_runtime": 28.91308307647705, "_step": 35, "regression": {"_type": "plotly-file", "sha256": "e974b5363ac93bf456b03ee7cebaa87f1c9d95ee89aadf0a8b3b74d106ac1663", "size": 166029, "path": "media/plotly/regression_31_e974b5363ac93bf456b0.plotly.json"}, "_wandb": {"runtime": 28}}