{"epoch": 99, "train_loss": 7.288274765014648, "val_loss": 5.761697769165039, "train_MAE": 1.348207368995204, "val_MAE": 0.8785162568092346, "_timestamp": 1688376952.2862964, "_runtime": 46.8536114692688, "_step": 99, "_wandb": {"runtime": 46}}