{"epoch": 49, "train_loss": 1.6369563341140747, "val_loss": 1.607470154762268, "train_MAE": 1.0068060809915715, "val_MAE": 1.0263738930225372, "_timestamp": 1688465294.7843492, "_runtime": 31.957467317581177, "_step": 54, "regression": {"_type": "plotly-file", "sha256": "ea7170f9fb29d87c2fb993f9e38a3ae71966e07ee663ef89c6813e249ae16220", "size": 165259, "path": "media/plotly/regression_45_ea7170f9fb29d87c2fb9.plotly.json"}, "_wandb": {"runtime": 31}}