{"epoch": 99, "train_loss": 39.66462326049805, "val_loss": 7.750085353851318, "train_MAE": 5.128872278964881, "val_MAE": 2.5043285846710206, "_timestamp": 1688380391.2072551, "_runtime": 49.587388038635254, "_step": 99, "_wandb": {"runtime": 49}}