{"epoch": 49, "train_loss": 1.895541787147522, "val_loss": 1.219370722770691, "train_MAE": 1.0545735142447732, "val_MAE": 0.8926932215690613, "_timestamp": 1688464544.2192323, "_runtime": 30.69314432144165, "_step": 54, "regression": {"_type": "plotly-file", "sha256": "1de542c60b1aebd16d7aa023d39581de19d8ad74ccb46bcc13a8b7bce66c0f7b", "size": 165592, "path": "media/plotly/regression_45_1de542c60b1aebd16d7a.plotly.json"}, "_wandb": {"runtime": 30}}