{"epoch": 99, "train_loss": 74.27603149414062, "val_loss": 8.226396560668945, "train_MAE": 5.968688314611262, "val_MAE": 2.4357243537902833, "_timestamp": 1688380331.2510266, "_runtime": 47.084107637405396, "_step": 99, "_wandb": {"runtime": 46}}