{"epoch": 49, "train_loss": 4.418632984161377, "val_loss": 5.238917350769043, "train_MAE": 1.6779305718161843, "val_MAE": 1.8322020173072815, "_timestamp": 1688465378.1570325, "_runtime": 31.105942487716675, "_step": 54, "regression": {"_type": "plotly-file", "sha256": "24739e1111b48b4167a4d4e3db93eccea967c92c514595e7902e7ce3f977c7d2", "size": 165677, "path": "media/plotly/regression_45_24739e1111b48b4167a4.plotly.json"}, "_wandb": {"runtime": 30}}