{"epoch": 49, "train_loss": 1.8601723909378052, "val_loss": 1.1898283958435059, "train_MAE": 1.0315325639464639, "val_MAE": 0.8648324012756348, "_timestamp": 1688465974.730545, "_runtime": 30.761773109436035, "_step": 54, "regression": {"_type": "plotly-file", "sha256": "39236feab54406e46a2929c3acfe7d4bd2fcd5da7f84b9702a76ab57503424f3", "size": 165393, "path": "media/plotly/regression_45_39236feab54406e46a29.plotly.json"}, "_wandb": {"runtime": 30}}