{"epoch": 99, "train_loss": 355.93402099609375, "val_loss": 157.34213256835938, "train_MAE": 16.459648421316437, "val_MAE": 12.477162933349609, "_timestamp": 1688372460.465489, "_runtime": 48.158331871032715, "_step": 99, "_wandb": {"runtime": 47}}