{"epoch": 99, "train_loss": 116.37890625, "val_loss": 14.998640060424805, "train_MAE": 6.240449312961463, "val_MAE": 3.4534934043884276, "_timestamp": 1688377935.2957191, "_runtime": 46.113062143325806, "_step": 99, "_wandb": {"runtime": 45}}