{"epoch": 99, "train_loss": 170.69544982910156, "val_loss": 2.907186508178711, "train_MAE": 7.107701388272372, "val_MAE": 0.9964522123336792, "_timestamp": 1688378399.3086874, "_runtime": 45.75232434272766, "_step": 99, "_wandb": {"runtime": 45}}