{"epoch": 99, "train_loss": 4.847652912139893, "val_loss": 3.3325881958007812, "train_MAE": 1.2965362397107212, "val_MAE": 0.8277431607246399, "_timestamp": 1688380679.6919267, "_runtime": 46.487881660461426, "_step": 99, "_wandb": {"runtime": 46}}