{"epoch": 49, "train_loss": 1.2138323783874512, "val_loss": 1.1997932195663452, "train_MAE": 0.8643968159502203, "val_MAE": 0.8707970380783081, "_timestamp": 1688465718.010952, "_runtime": 30.840364933013916, "_step": 54, "regression": {"_type": "plotly-file", "sha256": "ed9f09398880c9fa78a48f5146c96d87e583c91b339d6de1ad4fece3fe399828", "size": 165663, "path": "media/plotly/regression_45_ed9f09398880c9fa78a4.plotly.json"}, "_wandb": {"runtime": 30}}