{"epoch": 29, "train_loss": 1.3453682661056519, "val_loss": 1.6104459762573242, "train_MAE": 0.9380099068988453, "val_MAE": 1.007293939590454, "_timestamp": 1688463053.5563273, "_runtime": 28.633437395095825, "_step": 35, "regression": {"_type": "plotly-file", "sha256": "9acdb54dbca42d4c0b7d092cb3eb9e6f525366f206bd2469598b6f3de42ba365", "size": 165194, "path": "media/plotly/regression_31_9acdb54dbca42d4c0b7d.plotly.json"}, "_wandb": {"runtime": 28}}