{"epoch": 24, "train_loss": 1.3986222743988037, "val_loss": 1.3091905117034912, "train_MAE": 0.9325428225777366, "val_MAE": 0.9423737823963165, "_timestamp": 1688460792.740009, "_runtime": 28.983301162719727, "_step": 29, "regression": {"_type": "plotly-file", "sha256": "965f1e25224a0932ca174e420bd08b41b43d3f060e2ace41be83abaa70515d44", "size": 165077, "path": "media/plotly/regression_25_965f1e25224a0932ca17.plotly.json"}, "_wandb": {"runtime": 28}}