{"epoch": 49, "train_loss": 1.772071361541748, "val_loss": 1.2540428638458252, "train_MAE": 1.0387472401965747, "val_MAE": 0.9044327139854431, "_timestamp": 1688465252.7131274, "_runtime": 30.851831436157227, "_step": 54, "regression": {"_type": "plotly-file", "sha256": "c11ae2a30c6b7d864162ea19868bb8646546cac4d124a7dd6da589a89d4bcad1", "size": 165606, "path": "media/plotly/regression_45_c11ae2a30c6b7d864162.plotly.json"}, "_wandb": {"runtime": 30}}