{"epoch": 99, "train_loss": 110.77680206298828, "val_loss": 12.812837600708008, "train_MAE": 5.628533182722149, "val_MAE": 1.375681471824646, "_timestamp": 1688377257.2953231, "_runtime": 47.694021224975586, "_step": 99, "_wandb": {"runtime": 47}}