{"epoch": 99, "train_loss": 11.065085411071777, "val_loss": 13.541638374328613, "train_MAE": 1.2303732723900767, "val_MAE": 2.0471424102783202, "_timestamp": 1688377366.493837, "_runtime": 42.589954137802124, "_step": 99, "_wandb": {"runtime": 42}}