{"epoch": 99, "train_loss": 2.87217378616333, "val_loss": 2.7325644493103027, "train_MAE": 0.8872737180102955, "val_MAE": 0.8350092768669128, "_timestamp": 1688379059.8408127, "_runtime": 44.4686176776886, "_step": 99, "_wandb": {"runtime": 43}}