{"epoch": 99, "train_loss": 101.34172821044922, "val_loss": 18.318140029907227, "train_MAE": 8.090914263869777, "val_MAE": 3.561625051498413, "_timestamp": 1688372342.605542, "_runtime": 50.90449094772339, "_step": 99, "_wandb": {"runtime": 50}}