{"epoch": 9, "train_loss": 2.8474676609039307, "val_loss": 1.4197418689727783, "train_MAE": 1.3516768217086792, "val_MAE": 0.9675451815128326, "_timestamp": 1688449952.3671029, "_runtime": 25.94632887840271, "_step": 9, "_wandb": {"runtime": 25}}