{"loss": 0.7699457406997681, "MAE": 0.6328136086463928, "_timestamp": 1688290347.025609, "_runtime": 68.81500506401062, "_step": 199}