{"epoch": 49, "train_loss": 11.461612701416016, "val_loss": 9.156839370727539, "train_MAE": 2.7599033442410557, "val_MAE": 2.4055263996124268, "_timestamp": 1688464320.808693, "_runtime": 32.02144002914429, "_step": 54, "regression": {"_type": "plotly-file", "sha256": "51613f1d4a65a4c0c2f3925467bcdd72d68356b687682cfd4a226e96645612a8", "size": 166293, "path": "media/plotly/regression_45_51613f1d4a65a4c0c2f3.plotly.json"}, "_wandb": {"runtime": 31}}