{
  "activation": "exu",
  "batch_size": 64,
  "decay_rate": 0.005,
  "dropout": 0.30000000000000004,
  "early_stopping_patience": 50,
  "feature_dropout": 0.15000000000000002,
  "hidden_sizes": [
    64,
    32
  ],
  "l2_regularization": 6.591277398258761e-06,
  "log_loss_frequency": 2,
  "logdir": "output",
  "lr": 0.001466715293687669,
  "num_basis_functions": 64,
  "num_epochs": 200,
  "output_regularization": 0.030497143915541917,
  "regression": true,
  "shuffle": true,
  "use_dnn": false,
  "wandb": false
}