{"epoch": 99, "train_loss": 57.9853401184082, "val_loss": 8.361886024475098, "train_MAE": 6.17475329023419, "val_MAE": 2.5547414302825926, "_timestamp": 1688380559.511108, "_runtime": 46.01756286621094, "_step": 99, "_wandb": {"runtime": 45}}