{"epoch": 99, "train_loss": 161.35476684570312, "val_loss": 15.068743705749512, "train_MAE": 6.947697581666889, "val_MAE": 3.5752519607543944, "_timestamp": 1688377814.6578197, "_runtime": 47.039952754974365, "_step": 99, "_wandb": {"runtime": 46}}