{
  "activation": "exu",
  "batch_size": 32,
  "decay_rate": 0.005,
  "dropout": 0.7000000000000001,
  "early_stopping_patience": 50,
  "feature_dropout": 0.15000000000000002,
  "hidden_sizes": [
    64,
    32
  ],
  "l2_regularization": 1.4231366193409885e-06,
  "log_loss_frequency": 20,
  "logdir": "output",
  "lr": 0.009743056448547678,
  "num_basis_functions": 64,
  "num_epochs": 10,
  "output_regularization": 0.0295632722044517,
  "regression": true,
  "shuffle": true,
  "use_dnn": false,
  "wandb": false
}