{"epoch": 49, "train_loss": 1.974318027496338, "val_loss": 1.6624236106872559, "train_MAE": 1.0690554272044788, "val_MAE": 1.0351662933826447, "_timestamp": 1688465128.3149707, "_runtime": 31.817295789718628, "_step": 54, "regression": {"_type": "plotly-file", "sha256": "1902c8c5ab4c3702a73d6e5f8dfc1b9cd05d6056e4d2c6a152e13cf92a56a925", "size": 165285, "path": "media/plotly/regression_45_1902c8c5ab4c3702a73d.plotly.json"}, "_wandb": {"runtime": 31}}