{"epoch": 49, "train_loss": 2.144808053970337, "val_loss": 1.6803267002105713, "train_MAE": 1.1304149627685547, "val_MAE": 1.0294969081878662, "_timestamp": 1688465767.4356766, "_runtime": 31.11215567588806, "_step": 54, "regression": {"_type": "plotly-file", "sha256": "db3c2fa0477ad7fcc26febd1cb8c6ad10497a153c9e785c073fbc349bd112e25", "size": 165834, "path": "media/plotly/regression_45_db3c2fa0477ad7fcc26f.plotly.json"}, "_wandb": {"runtime": 30}}