{"epoch": 99, "train_loss": 225.2904815673828, "val_loss": 27.846567153930664, "train_MAE": 8.681279876015402, "val_MAE": 3.0194200038909913, "_timestamp": 1688380274.244736, "_runtime": 47.02164101600647, "_step": 99, "_wandb": {"runtime": 46}}