{"epoch": 49, "train_loss": 4.183143138885498, "val_loss": 6.111435890197754, "train_MAE": 1.645387887954712, "val_MAE": 2.071022391319275, "_timestamp": 1688463553.9425483, "_runtime": 30.916839361190796, "_step": 54, "regression": {"_type": "plotly-file", "sha256": "a8b42bf195708e655baef9be2e6e38a772e4329238507b9886c2fc384eed0b22", "size": 168946, "path": "media/plotly/regression_45_a8b42bf195708e655bae.plotly.json"}, "_wandb": {"runtime": 30}}