{"epoch": 29, "train_loss": 1.2255990505218506, "val_loss": 1.1729929447174072, "train_MAE": 0.8982036438855258, "val_MAE": 0.8553951382637024, "_timestamp": 1688463089.4454548, "_runtime": 28.188613891601562, "_step": 35, "regression": {"_type": "plotly-file", "sha256": "bd54eccce96595c3c4ed4f0e863f5c4f1ad6b60d9338f5859bcabfd34c1d1415", "size": 165478, "path": "media/plotly/regression_31_bd54eccce96595c3c4ed.plotly.json"}, "_wandb": {"runtime": 27}}