{"epoch": 99, "train_loss": 2632.438720703125, "val_loss": 769.7359619140625, "train_MAE": 42.26948373967951, "val_MAE": 27.660054779052736, "_timestamp": 1688376602.9942694, "_runtime": 45.29658126831055, "_step": 99, "_wandb": {"runtime": 44}}