{"epoch": 14, "train_loss": 25.320837020874023, "val_loss": 25.595661163330078, "train_MAE": 0.9958253015171398, "val_MAE": 1.0343075275421143, "_timestamp": 1688371237.3494356, "_runtime": 28.288694620132446, "_step": 14, "_wandb": {"runtime": 27}}