{"epoch": 99, "train_loss": 72.59630584716797, "val_loss": 10.015205383300781, "train_MAE": 6.658253120653557, "val_MAE": 2.7075121879577635, "_timestamp": 1688380161.7566483, "_runtime": 49.17435932159424, "_step": 99, "_wandb": {"runtime": 48}}