{"epoch": 9, "train_loss": 1.5145759582519531, "val_loss": 1.1509730815887451, "train_MAE": 0.9738534526391462, "val_MAE": 0.884180873632431, "_timestamp": 1688449878.8274746, "_runtime": 25.697123527526855, "_step": 9, "_wandb": {"runtime": 25}}