{"epoch": 49, "train_loss": 1.7358551025390625, "val_loss": 1.1915560960769653, "train_MAE": 1.0284169912338257, "val_MAE": 0.8702089190483093, "_timestamp": 1688465045.2300808, "_runtime": 32.027121782302856, "_step": 54, "regression": {"_type": "plotly-file", "sha256": "bfe0f2436e8ed5659a9df74e393047c3bc8e589907eb7f9a9a6fe99d67928590", "size": 165489, "path": "media/plotly/regression_45_bfe0f2436e8ed5659a9d.plotly.json"}, "_wandb": {"runtime": 31}}