{"epoch": 49, "train_loss": 1.3134913444519043, "val_loss": 1.1883649826049805, "train_MAE": 0.8927466327493842, "val_MAE": 0.8803503811359406, "_timestamp": 1688465502.8586068, "_runtime": 30.722819805145264, "_step": 54, "regression": {"_type": "plotly-file", "sha256": "6bb099d41ad733472bbc600068efc135159785292c6a5e1ade5dc5c52a1621bf", "size": 166032, "path": "media/plotly/regression_45_6bb099d41ad733472bbc.plotly.json"}, "_wandb": {"runtime": 30}}