{"epoch": 9, "train_loss": 1.5072270631790161, "val_loss": 0.9754722118377686, "train_MAE": 0.968769447370009, "val_MAE": 0.783670961856842, "_timestamp": 1688449915.41674, "_runtime": 26.052881956100464, "_step": 9, "_wandb": {"runtime": 25}}