{"epoch": 65, "train_loss": 215.6747283935547, "val_loss": 33.33147048950195, "train_MAE": 8.12749346819791, "val_MAE": 2.47347674369812, "_timestamp": 1688377414.4679701, "_runtime": 38.910797119140625, "_step": 65, "_wandb": {"runtime": 38}}