{"epoch": 99, "train_loss": 133.9630126953125, "val_loss": 18.83715057373047, "train_MAE": 6.69565249934341, "val_MAE": 4.117045450210571, "_timestamp": 1688377469.5733078, "_runtime": 46.13040566444397, "_step": 99, "_wandb": {"runtime": 45}}