{"epoch": 14, "train_loss": 2.4070794582366943, "val_loss": 2.492314100265503, "train_MAE": 0.8904026114579403, "val_MAE": 0.9262869358062744, "_timestamp": 1688371389.442971, "_runtime": 27.76418709754944, "_step": 14, "_wandb": {"runtime": 27}}