{"epoch": 49, "train_loss": 3.7474570274353027, "val_loss": 3.6145095825195312, "train_MAE": 1.5667541135441174, "val_MAE": 1.5530139207839966, "_timestamp": 1688465171.133454, "_runtime": 32.421547174453735, "_step": 54, "regression": {"_type": "plotly-file", "sha256": "2057a3ecd1540cf251f4f8902b63f742baf8025a5b018e3f13fb2242d0812439", "size": 165003, "path": "media/plotly/regression_45_2057a3ecd1540cf251f4.plotly.json"}, "_wandb": {"runtime": 31}}