{"epoch": 99, "train_loss": 52.33417892456055, "val_loss": 4.855462551116943, "train_MAE": 5.949240511113947, "val_MAE": 1.8536400318145752, "_timestamp": 1688377583.8713658, "_runtime": 47.1795928478241, "_step": 99, "_wandb": {"runtime": 46}}