{"epoch": 49, "train_loss": 2.3933985233306885, "val_loss": 1.7068688869476318, "train_MAE": 1.1962691437114368, "val_MAE": 1.0340871214866638, "_timestamp": 1688464503.1102576, "_runtime": 31.77072262763977, "_step": 54, "regression": {"_type": "plotly-file", "sha256": "59e9a455c86549eb9898a6d338bd54775e880045b39bef8c1b7e0c2b6dc7e57a", "size": 165515, "path": "media/plotly/regression_45_59e9a455c86549eb9898.plotly.json"}, "_wandb": {"runtime": 30}}