{"epoch": 99, "train_loss": 4515.05126953125, "val_loss": 2533.517333984375, "train_MAE": 58.31771873705315, "val_MAE": 50.23584060668945, "_timestamp": 1688376305.5676918, "_runtime": 45.201812744140625, "_step": 99, "_wandb": {"runtime": 44}}