{"epoch": 49, "train_loss": 1.9684425592422485, "val_loss": 1.323930263519287, "train_MAE": 1.0957217108119617, "val_MAE": 0.9142616093158722, "_timestamp": 1688465210.394259, "_runtime": 30.736062049865723, "_step": 54, "regression": {"_type": "plotly-file", "sha256": "d17100ad3d166bf5a3a4a518a18ac3013935b39cc1d1f6f3e76c98852cddca2a", "size": 165244, "path": "media/plotly/regression_45_d17100ad3d166bf5a3a4.plotly.json"}, "_wandb": {"runtime": 30}}