{"epoch": 49, "train_loss": 1.5091853141784668, "val_loss": 1.331228494644165, "train_MAE": 0.9422771659764376, "val_MAE": 0.9340232610702515, "_timestamp": 1688464421.303932, "_runtime": 31.137842893600464, "_step": 54, "regression": {"_type": "plotly-file", "sha256": "41a2054c8cc4ca09174a68512c369789a4cb58aee5f1d6d75e4d1a2f8b463a54", "size": 165553, "path": "media/plotly/regression_45_41a2054c8cc4ca09174a.plotly.json"}, "_wandb": {"runtime": 30}}