{"epoch": 99, "train_loss": 64.36080169677734, "val_loss": 6.5821638107299805, "train_MAE": 6.219632495533336, "val_MAE": 2.2111567497253417, "_timestamp": 1688377995.3189917, "_runtime": 48.10641074180603, "_step": 99, "_wandb": {"runtime": 47}}