{"epoch": 19, "train_loss": 1.509687066078186, "val_loss": 1.2199865579605103, "train_MAE": 0.9808261882175099, "val_MAE": 0.8896512985229492, "_timestamp": 1688460672.96535, "_runtime": 27.9672589302063, "_step": 23, "regression": {"_type": "plotly-file", "sha256": "7db397487c21bd16ed5a0cc1e90b598c50692c0b596eff310fe0d820093eed46", "size": 164999, "path": "media/plotly/regression_19_7db397487c21bd16ed5a.plotly.json"}, "_wandb": {"runtime": 27}}