{"epoch": 49, "train_loss": 2.072932243347168, "val_loss": 2.0840189456939697, "train_MAE": 1.1199184927073391, "val_MAE": 1.185777187347412, "_timestamp": 1688464667.7012098, "_runtime": 30.101005792617798, "_step": 54, "regression": {"_type": "plotly-file", "sha256": "053d3636ab303949dc0675b002bf16e60926673edb728fdb159117a2730a153b", "size": 165908, "path": "media/plotly/regression_45_053d3636ab303949dc06.plotly.json"}, "_wandb": {"runtime": 29}}