{"epoch": 99, "train_loss": 91.10704040527344, "val_loss": 6.7795515060424805, "train_MAE": 6.722119981592352, "val_MAE": 1.9730435371398927, "_timestamp": 1688376896.3157067, "_runtime": 46.914517641067505, "_step": 99, "_wandb": {"runtime": 46}}