{"epoch": 99, "train_loss": 3.20291805267334, "val_loss": 2.978698968887329, "train_MAE": 0.7857062328945507, "val_MAE": 0.7086543560028076, "_timestamp": 1688378526.3926878, "_runtime": 47.687766790390015, "_step": 99, "_wandb": {"runtime": 47}}