{"epoch": 99, "train_loss": 552.7283325195312, "val_loss": 34.08590316772461, "train_MAE": 18.93720988071326, "val_MAE": 4.624340915679932, "_timestamp": 1688376213.2902467, "_runtime": 45.073941707611084, "_step": 99, "_wandb": {"runtime": 44}}