{"epoch": 9, "train_loss": 1.6573597192764282, "val_loss": 2.1939001083374023, "train_MAE": 1.0063296285542576, "val_MAE": 1.1933757662773132, "_timestamp": 1688449697.1588397, "_runtime": 26.52720880508423, "_step": 9, "_wandb": {"runtime": 25}}