{"epoch": 99, "train_loss": 110.8918228149414, "val_loss": 5.204026222229004, "train_MAE": 6.098488446437951, "val_MAE": 1.2807652473449707, "_timestamp": 1688378234.4764936, "_runtime": 47.584529638290405, "_step": 99, "_wandb": {"runtime": 47}}