{"loss": 0.1407705843448639, "MAE": 0.26239747405052183, "_timestamp": 1688289602.979182, "_runtime": 128.51859307289124, "_step": 199, "_wandb": {"runtime": 797}}