{"epoch": 99, "train_loss": 69.99630737304688, "val_loss": 4.330737590789795, "train_MAE": 4.912833329403039, "val_MAE": 1.5043642282485963, "_timestamp": 1688380808.562099, "_runtime": 47.067018032073975, "_step": 99, "_wandb": {"runtime": 46}}