{"epoch": 49, "train_loss": 1.466009259223938, "val_loss": 1.0996863842010498, "train_MAE": 0.9492775906216014, "val_MAE": 0.8339759111404419, "_timestamp": 1688465586.503772, "_runtime": 31.29667091369629, "_step": 54, "regression": {"_type": "plotly-file", "sha256": "302a5de2635063c16e17ac08b8a11bb4ad479910b6c148c28f5fffd44b7df67a", "size": 165484, "path": "media/plotly/regression_45_302a5de2635063c16e17.plotly.json"}, "_wandb": {"runtime": 30}}