{"epoch": 9, "train_loss": 1.5579242706298828, "val_loss": 1.9220677614212036, "train_MAE": 1.0060432173989036, "val_MAE": 1.0675571858882904, "_timestamp": 1688460570.5045898, "_runtime": 25.854065895080566, "_step": 10, "regression": {"_type": "plotly-file", "sha256": "545d29e36532201dd2ead462d0babd676fd79d37b95684ca44c98a1ef0854ada", "size": 164883, "path": "media/plotly/regression_1_545d29e36532201dd2ea.plotly.json"}, "_wandb": {"runtime": 25}}