{"epoch": 24, "train_loss": 1.214644193649292, "val_loss": 1.2572479248046875, "train_MAE": 0.8586511611938477, "val_MAE": 0.9007582366466522, "_timestamp": 1688460906.1209385, "_runtime": 27.803820610046387, "_step": 29, "regression": {"_type": "plotly-file", "sha256": "03b2c1c96ff3c687bc2f73c1753c055a9ead5651560f910176037a599be3caf8", "size": 166065, "path": "media/plotly/regression_25_03b2c1c96ff3c687bc2f.plotly.json"}, "_wandb": {"runtime": 27}}