{"epoch": 99, "train_loss": 72.73782348632812, "val_loss": 2.615304470062256, "train_MAE": 6.637254729415432, "val_MAE": 1.108855390548706, "_timestamp": 1688376669.6180155, "_runtime": 50.050862550735474, "_step": 99, "_wandb": {"runtime": 49}}