{
  "activation": "relu",
  "batch_size": 64,
  "decay_rate": 0.005,
  "dropout": 0.7000000000000001,
  "early_stopping_patience": 50,
  "feature_dropout": 0.15000000000000002,
  "hidden_sizes": [
    64,
    32
  ],
  "l2_regularization": 2.3774216382359108e-06,
  "log_loss_frequency": 2,
  "logdir": "output",
  "lr": 0.031087697111173377,
  "num_basis_functions": 64,
  "num_epochs": 200,
  "output_regularization": 0.04651500786775494,
  "regression": true,
  "shuffle": true,
  "use_dnn": false,
  "wandb": false
}