{"epoch": 49, "train_loss": 2.8571953773498535, "val_loss": 1.6441764831542969, "train_MAE": 1.3085608157244595, "val_MAE": 1.0205203890800476, "_timestamp": 1688466189.6731818, "_runtime": 31.15907883644104, "_step": 54, "regression": {"_type": "plotly-file", "sha256": "37b07aa864a06d6f34ad887617111006a0e306fde369699f7c1d25f87b3c5379", "size": 165365, "path": "media/plotly/regression_45_37b07aa864a06d6f34ad.plotly.json"}, "_wandb": {"runtime": 30}}