{"epoch": 49, "train_loss": 2.2200958728790283, "val_loss": 1.754622459411621, "train_MAE": 1.1326917897571216, "val_MAE": 1.0845075249671936, "_timestamp": 1688464919.5867102, "_runtime": 31.51503610610962, "_step": 54, "regression": {"_type": "plotly-file", "sha256": "81089cb66eadcd9aa24962924f591935a7a5beebd12d4d5b608658d0ca7a97bf", "size": 166220, "path": "media/plotly/regression_45_81089cb66eadcd9aa249.plotly.json"}, "_wandb": {"runtime": 30}}