{"epoch": 99, "train_loss": 12.6115140914917, "val_loss": 12.565099716186523, "train_MAE": 0.6896343971743728, "val_MAE": 0.6016597032546998, "_timestamp": 1688376425.571546, "_runtime": 46.2212929725647, "_step": 99, "_wandb": {"runtime": 45}}