{"epoch": 99, "train_loss": 10.361040115356445, "val_loss": 10.284536361694336, "train_MAE": 0.7721383336818579, "val_MAE": 0.6955852389335633, "_timestamp": 1688377312.876896, "_runtime": 46.458263874053955, "_step": 99, "_wandb": {"runtime": 45}}