{"epoch": 9, "train_loss": 1.236885905265808, "val_loss": 1.1383317708969116, "train_MAE": 0.8755815462632612, "val_MAE": 0.8351512253284454, "_timestamp": 1688449733.1457894, "_runtime": 25.740506410598755, "_step": 9, "_wandb": {"runtime": 25}}