{"epoch": 99, "train_loss": 66.98540496826172, "val_loss": 7.377539157867432, "train_MAE": 5.67346648013953, "val_MAE": 1.6017611980438233, "_timestamp": 1688378289.9925196, "_runtime": 46.107858657836914, "_step": 99, "_wandb": {"runtime": 45}}