{"epoch": 99, "train_loss": 8.04117202758789, "val_loss": 7.912049293518066, "train_MAE": 0.8177089673100095, "val_MAE": 0.7603573322296142, "_timestamp": 1688378461.4629908, "_runtime": 44.87889385223389, "_step": 99, "_wandb": {"runtime": 44}}