{"epoch": 49, "train_loss": 2.7909135818481445, "val_loss": 2.811096668243408, "train_MAE": 1.3588687614961104, "val_MAE": 1.3609551787376404, "_timestamp": 1688466148.8383124, "_runtime": 31.225778341293335, "_step": 54, "regression": {"_type": "plotly-file", "sha256": "903e7bdad7f0dc3c2f8e52943ba5fd944d66cee3972a9df327791dfbd6f09b44", "size": 165851, "path": "media/plotly/regression_45_903e7bdad7f0dc3c2f8e.plotly.json"}, "_wandb": {"runtime": 30}}