{"epoch": 49, "train_loss": 4.036556720733643, "val_loss": 3.4069957733154297, "train_MAE": 1.5870357860218396, "val_MAE": 1.4897258877754211, "_timestamp": 1688464362.9875057, "_runtime": 33.02943778038025, "_step": 54, "regression": {"_type": "plotly-file", "sha256": "85014a52b132d0cf9d0e5aa4edba66b80436173836337053d3a75b82559e7dbd", "size": 164909, "path": "media/plotly/regression_45_85014a52b132d0cf9d0e.plotly.json"}, "_wandb": {"runtime": 32}}