{"epoch": 49, "train_loss": 4.002773284912109, "val_loss": 4.686347484588623, "train_MAE": 1.613691340793263, "val_MAE": 1.8280752301216125, "_timestamp": 1688463595.5270233, "_runtime": 31.261614322662354, "_step": 54, "regression": {"_type": "plotly-file", "sha256": "52c1e82912425e35d67621fa1fbd81843dbfd0259b00c1856919debf9ca336c8", "size": 165772, "path": "media/plotly/regression_45_52c1e82912425e35d676.plotly.json"}, "_wandb": {"runtime": 30}}