{"epoch": 29, "train_loss": 1.1911741495132446, "val_loss": 1.686767339706421, "train_MAE": 0.8775384642861106, "val_MAE": 1.0180563628673553, "_timestamp": 1688462898.5856352, "_runtime": 29.601980209350586, "_step": 35, "regression": {"_type": "plotly-file", "sha256": "c3729c7af54171f27a1ab0086f8ce546b980d559e088c5e010d75b06cde24168", "size": 165860, "path": "media/plotly/regression_31_c3729c7af54171f27a1a.plotly.json"}, "_wandb": {"runtime": 29}}