{"epoch": 99, "train_loss": 77.31123352050781, "val_loss": 4.913747787475586, "train_MAE": 5.094513351267034, "val_MAE": 1.8363385915756225, "_timestamp": 1688378947.9000735, "_runtime": 47.009050607681274, "_step": 99, "_wandb": {"runtime": 46}}