{"epoch": 99, "train_loss": 163.71221923828125, "val_loss": 14.911386489868164, "train_MAE": 9.92403660398541, "val_MAE": 3.221430206298828, "_timestamp": 1688380218.9563406, "_runtime": 49.408448457717896, "_step": 99, "_wandb": {"runtime": 48}}