{"epoch": 99, "train_loss": 6.508090972900391, "val_loss": 6.341008186340332, "train_MAE": 0.8278976480166117, "val_MAE": 0.7320408701896668, "_timestamp": 1688379718.58709, "_runtime": 45.89622712135315, "_step": 99, "_wandb": {"runtime": 45}}