{"epoch": 99, "train_loss": 418.9536437988281, "val_loss": 57.879669189453125, "train_MAE": 14.207569584702, "val_MAE": 3.865230369567871, "_timestamp": 1688372273.9268963, "_runtime": 44.17418432235718, "_step": 99, "_wandb": {"runtime": 43}}