{"epoch": 99, "train_loss": 330.94317626953125, "val_loss": 12.802749633789062, "train_MAE": 13.239406903584799, "val_MAE": 3.0873967170715333, "_timestamp": 1688377756.6718397, "_runtime": 47.31901979446411, "_step": 99, "_wandb": {"runtime": 46}}