{"epoch": 24, "train_loss": 1.2620689868927002, "val_loss": 1.0124821662902832, "train_MAE": 0.9000642678954385, "val_MAE": 0.8130992352962494, "_timestamp": 1688460869.4494681, "_runtime": 28.132139205932617, "_step": 29, "regression": {"_type": "plotly-file", "sha256": "a79e61b83ff543b0827ab55989c29ef6093a91a4f2c6546c2d0b4b6e096d7110", "size": 165769, "path": "media/plotly/regression_25_a79e61b83ff543b0827a.plotly.json"}, "_wandb": {"runtime": 27}}