{"epoch": 99, "train_loss": 5.454922199249268, "val_loss": 5.376274108886719, "train_MAE": 0.867227012460882, "val_MAE": 0.8382261753082275, "_timestamp": 1688378713.4551697, "_runtime": 46.639851570129395, "_step": 99, "_wandb": {"runtime": 46}}