{"epoch": 49, "train_loss": 1.4297372102737427, "val_loss": 1.3122153282165527, "train_MAE": 0.9444758187640797, "val_MAE": 0.9384668469429016, "_timestamp": 1688465002.7111235, "_runtime": 31.424132585525513, "_step": 54, "regression": {"_type": "plotly-file", "sha256": "0ee45fa29d6fe70800dffb95453089393a82ebc0478273649b9e4da1e1358443", "size": 165544, "path": "media/plotly/regression_45_0ee45fa29d6fe70800df.plotly.json"}, "_wandb": {"runtime": 30}}