{"epoch": 49, "train_loss": 4.249761581420898, "val_loss": 6.234899520874023, "train_MAE": 1.6546327417547053, "val_MAE": 2.080710530281067, "_timestamp": 1688463637.2573028, "_runtime": 31.537121772766113, "_step": 54, "regression": {"_type": "plotly-file", "sha256": "455dca9f7feb7e17a50e3a4da1fd17fbff343432519b30f651f6155c3576a47a", "size": 166444, "path": "media/plotly/regression_45_455dca9f7feb7e17a50e.plotly.json"}, "_wandb": {"runtime": 30}}