{"epoch": 49, "train_loss": 1.7337783575057983, "val_loss": 1.1025354862213135, "train_MAE": 0.9770464409481395, "val_MAE": 0.8398235142230988, "_timestamp": 1688466066.4698389, "_runtime": 30.713489770889282, "_step": 54, "regression": {"_type": "plotly-file", "sha256": "56d57aa48b4c971801f4da638f67b61db1a4396c64ccb9a9596fd81157dd2bb2", "size": 165386, "path": "media/plotly/regression_45_56d57aa48b4c971801f4.plotly.json"}, "_wandb": {"runtime": 30}}