{"epoch": 99, "train_loss": 3.5821616649627686, "val_loss": 5.540828704833984, "train_MAE": 0.9624352238394998, "val_MAE": 1.5492914199829102, "_timestamp": 1688377879.2210495, "_runtime": 46.73250365257263, "_step": 99, "_wandb": {"runtime": 46}}