{"epoch": 99, "train_loss": 4.313210964202881, "val_loss": 4.128034591674805, "train_MAE": 0.9705040942538868, "val_MAE": 0.9144793152809143, "_timestamp": 1688378049.024658, "_runtime": 44.92202186584473, "_step": 99, "_wandb": {"runtime": 44}}