{"epoch": 49, "train_loss": 1.82178795337677, "val_loss": 1.3113993406295776, "train_MAE": 1.048668915575201, "val_MAE": 0.923302173614502, "_timestamp": 1688464793.2992113, "_runtime": 30.789387226104736, "_step": 54, "regression": {"_type": "plotly-file", "sha256": "ce6ea115d275a0c9ae072588ac50a851189856e5e54e0f65768788b847789134", "size": 165821, "path": "media/plotly/regression_45_ce6ea115d275a0c9ae07.plotly.json"}, "_wandb": {"runtime": 30}}