{"epoch": 9, "train_loss": 1.3987549543380737, "val_loss": 1.837608814239502, "train_MAE": 0.9425112930211154, "val_MAE": 1.0294032096862793, "_timestamp": 1688459457.231572, "_runtime": 26.77159094810486, "_step": 9, "_wandb": {"runtime": 26}}