{"epoch": 99, "train_loss": 5.425959587097168, "val_loss": 1.3153074979782104, "train_MAE": 1.6932994524637859, "val_MAE": 0.8881188750267028, "_timestamp": 1688378343.7314095, "_runtime": 41.84212255477905, "_step": 99, "_wandb": {"runtime": 41}}