{
  "activation": "exu",
  "batch_size": 64,
  "decay_rate": 0.005,
  "dropout": 0.6000000000000001,
  "early_stopping_patience": 50,
  "feature_dropout": 0.15000000000000002,
  "hidden_sizes": [
    64,
    32
  ],
  "l2_regularization": 4.870979275717019e-06,
  "log_loss_frequency": 20,
  "logdir": "output",
  "lr": 0.0052000488809659864,
  "num_basis_functions": 64,
  "num_epochs": 100,
  "output_regularization": 0.0016852846878203074,
  "regression": true,
  "shuffle": true,
  "use_dnn": false,
  "wandb": false
}