{"epoch": 49, "train_loss": 1.6453139781951904, "val_loss": 1.131035566329956, "train_MAE": 1.0083380233157764, "val_MAE": 0.8573406338691711, "_timestamp": 1688465336.837911, "_runtime": 31.66263484954834, "_step": 54, "regression": {"_type": "plotly-file", "sha256": "8ece87a1610f11d3edddbb2055c8115ae63ea88a801ba80d46388d22cb1b3255", "size": 165828, "path": "media/plotly/regression_45_8ece87a1610f11d3eddd.plotly.json"}, "_wandb": {"runtime": 31}}