{"epoch": 99, "train_loss": 736.8727416992188, "val_loss": 173.61636352539062, "train_MAE": 21.050482085256867, "val_MAE": 11.114838218688964, "_timestamp": 1688376158.489636, "_runtime": 48.40205192565918, "_step": 99, "_wandb": {"runtime": 47}}