{"epoch": 99, "train_loss": 120.3221435546875, "val_loss": 14.341913223266602, "train_MAE": 8.638641733111758, "val_MAE": 3.451206159591675, "_timestamp": 1688378115.9759288, "_runtime": 49.89230179786682, "_step": 99, "_wandb": {"runtime": 49}}