{"epoch": 49, "train_loss": 1.6022647619247437, "val_loss": 1.2111213207244873, "train_MAE": 0.9683274572545831, "val_MAE": 0.8851006627082825, "_timestamp": 1688465629.0533001, "_runtime": 31.798814058303833, "_step": 54, "regression": {"_type": "plotly-file", "sha256": "07d913684c6e744dcb628872466386889e9f0b470bf6f68ea4b61e34ef6dc3cd", "size": 165482, "path": "media/plotly/regression_45_07d913684c6e744dcb62.plotly.json"}, "_wandb": {"runtime": 31}}