{"epoch": 49, "train_loss": 4.825374603271484, "val_loss": 5.178835391998291, "train_MAE": 1.7510473944924094, "val_MAE": 1.8230681419372559, "_timestamp": 1688465419.5600553, "_runtime": 31.44431734085083, "_step": 54, "regression": {"_type": "plotly-file", "sha256": "4a1a6f95a0e18d91a0c69e35560e1d776f4e3d49abe942176fd56b1bae34b275", "size": 165322, "path": "media/plotly/regression_45_4a1a6f95a0e18d91a0c6.plotly.json"}, "_wandb": {"runtime": 30}}