{"epoch": 99, "train_loss": 93.94712829589844, "val_loss": 7.7113823890686035, "train_MAE": 6.9122615294023, "val_MAE": 2.266021156311035, "_timestamp": 1688372211.7727888, "_runtime": 44.94659686088562, "_step": 99, "_wandb": {"runtime": 44}}