{"epoch": 99, "train_loss": 7.075938701629639, "val_loss": 6.9453911781311035, "train_MAE": 0.9277154460097804, "val_MAE": 0.8920854568481446, "_timestamp": 1688377005.1288264, "_runtime": 43.72659134864807, "_step": 99, "_wandb": {"runtime": 43}}