{"epoch": 49, "train_loss": 1.0809087753295898, "val_loss": 1.0114758014678955, "train_MAE": 0.819383827122775, "val_MAE": 0.7982310950756073, "_timestamp": 1688465932.4567297, "_runtime": 30.356480598449707, "_step": 54, "regression": {"_type": "plotly-file", "sha256": "57237ba7ee2fcbbb677c97c92d010cea681d349a9c6117cea938a40e076a3238", "size": 165900, "path": "media/plotly/regression_45_57237ba7ee2fcbbb677c.plotly.json"}, "_wandb": {"runtime": 29}}