{"epoch": 49, "train_loss": 1.6847755908966064, "val_loss": 1.16172194480896, "train_MAE": 0.9883330301804976, "val_MAE": 0.8328937888145447, "_timestamp": 1688464752.1776202, "_runtime": 30.656281232833862, "_step": 54, "regression": {"_type": "plotly-file", "sha256": "6d6c16232116fb3c879f8910633a81d01ffd76b6151e0da0ed7f72a1a9f6d830", "size": 165644, "path": "media/plotly/regression_45_6d6c16232116fb3c879f.plotly.json"}, "_wandb": {"runtime": 30}}