{"epoch": 99, "train_loss": 64.85677337646484, "val_loss": 13.663076400756836, "train_MAE": 6.107612465367173, "val_MAE": 3.4091373443603517, "_timestamp": 1688377643.604064, "_runtime": 48.944907903671265, "_step": 99, "_wandb": {"runtime": 48}}