{"epoch": 99, "train_loss": 5.143713474273682, "val_loss": 4.168414115905762, "train_MAE": 1.1389312202280217, "val_MAE": 0.8308171629905701, "_timestamp": 1688379421.8732953, "_runtime": 47.80652928352356, "_step": 99, "_wandb": {"runtime": 47}}