{"epoch": 49, "train_loss": 1.5582695007324219, "val_loss": 1.2678314447402954, "train_MAE": 0.9887955622239546, "val_MAE": 0.9019845128059387, "_timestamp": 1688466107.1350162, "_runtime": 31.42419719696045, "_step": 54, "regression": {"_type": "plotly-file", "sha256": "7469d367463d488e5c20318271f45d9cea219887de5a60fdb23f92ea0c881cea", "size": 165555, "path": "media/plotly/regression_45_7469d367463d488e5c20.plotly.json"}, "_wandb": {"runtime": 30}}