{"epoch": 49, "train_loss": 5.451522350311279, "val_loss": 7.29493522644043, "train_MAE": 1.8812872930006548, "val_MAE": 2.1903854608535767, "_timestamp": 1688463512.213365, "_runtime": 31.49388098716736, "_step": 54, "regression": {"_type": "plotly-file", "sha256": "f0f24b081113cfdc40525b253232cedf744e874d53d581af98b7605c15959ee4", "size": 166395, "path": "media/plotly/regression_45_f0f24b081113cfdc4052.plotly.json"}, "_wandb": {"runtime": 30}}