{"epoch": 99, "train_loss": 15.912601470947266, "val_loss": 16.389904022216797, "train_MAE": 1.4680973472017231, "val_MAE": 1.77427020072937, "_timestamp": 1688376781.0396671, "_runtime": 47.44240212440491, "_step": 99, "_wandb": {"runtime": 46}}