{"epoch": 99, "train_loss": 19.213165283203125, "val_loss": 19.02457046508789, "train_MAE": 0.68045779430505, "val_MAE": 0.5803723335266113, "_timestamp": 1688379841.128177, "_runtime": 45.29804992675781, "_step": 99, "_wandb": {"runtime": 44}}