{"epoch": 99, "train_loss": 64.65533447265625, "val_loss": 4.530855655670166, "train_MAE": 4.6826746897263964, "val_MAE": 1.4537801027297974, "_timestamp": 1688379238.6021857, "_runtime": 46.12388062477112, "_step": 99, "_wandb": {"runtime": 45}}