{
  "activation": "exu",
  "batch_size": 64,
  "decay_rate": 0.005,
  "dropout": 0.6000000000000001,
  "early_stopping_patience": 50,
  "feature_dropout": 0.15000000000000002,
  "hidden_sizes": [
    64,
    32
  ],
  "l2_regularization": 2.588680243094131e-06,
  "log_loss_frequency": 20,
  "logdir": "output",
  "lr": 0.07785129622566238,
  "num_basis_functions": 64,
  "num_epochs": 100,
  "output_regularization": 0.0010080067655141352,
  "regression": true,
  "shuffle": true,
  "use_dnn": false,
  "wandb": false
}