{"epoch": 99, "train_loss": 1632.2432861328125, "val_loss": 494.345703125, "train_MAE": 31.84413823214444, "val_MAE": 21.596151733398436, "_timestamp": 1688376483.5030024, "_runtime": 47.15656042098999, "_step": 99, "_wandb": {"runtime": 46}}