{"epoch": 99, "train_loss": 186.3389129638672, "val_loss": 5.440272808074951, "train_MAE": 9.827171007792154, "val_MAE": 0.946850848197937, "_timestamp": 1688376724.2538192, "_runtime": 46.96545433998108, "_step": 99, "_wandb": {"runtime": 46}}