{"epoch": 14, "train_loss": 63.94068145751953, "val_loss": 63.973899841308594, "train_MAE": 1.12085155284766, "val_MAE": 1.222099781036377, "_timestamp": 1688371352.3735569, "_runtime": 27.582294940948486, "_step": 14, "_wandb": {"runtime": 27}}