{"epoch": 14, "train_loss": 95.43099975585938, "val_loss": 95.71312713623047, "train_MAE": 1.1532678206761677, "val_MAE": 1.470416784286499, "_timestamp": 1688371316.1866584, "_runtime": 27.29476833343506, "_step": 14, "_wandb": {"runtime": 26}}