{"epoch": 49, "train_loss": 1.852494716644287, "val_loss": 1.630638837814331, "train_MAE": 1.061764121055603, "val_MAE": 1.0373184978961945, "_timestamp": 1688464586.0004838, "_runtime": 31.526729822158813, "_step": 54, "regression": {"_type": "plotly-file", "sha256": "f3f931911d018ba9b3e71ad23c7b8fae38e2625c76eccbb0a29e02478c0319f2", "size": 165630, "path": "media/plotly/regression_45_f3f931911d018ba9b3e7.plotly.json"}, "_wandb": {"runtime": 31}}