{"epoch": 49, "train_loss": 4.791226863861084, "val_loss": 5.339534282684326, "train_MAE": 1.7516622109846636, "val_MAE": 1.8713725209236145, "_timestamp": 1688464279.9159348, "_runtime": 33.318392753601074, "_step": 54, "regression": {"_type": "plotly-file", "sha256": "83f398f34547200186b348ed93df3477dc8025856d97b70c6f5730038ac8afdd", "size": 167895, "path": "media/plotly/regression_45_83f398f34547200186b3.plotly.json"}, "_wandb": {"runtime": 32}}