{"epoch": 99, "train_loss": 31.13797950744629, "val_loss": 31.076366424560547, "train_MAE": 0.7604531465154706, "val_MAE": 0.6463792800903321, "_timestamp": 1688379951.6701994, "_runtime": 45.576839447021484, "_step": 99, "_wandb": {"runtime": 45}}