{"epoch": 99, "train_loss": 73.1274642944336, "val_loss": 8.110923767089844, "train_MAE": 4.64842549237338, "val_MAE": 1.312606143951416, "_timestamp": 1688379896.0576568, "_runtime": 47.33184480667114, "_step": 99, "_wandb": {"runtime": 46}}