{"epoch": 9, "train_loss": 1.784909725189209, "val_loss": 1.1511595249176025, "train_MAE": 1.0455616062337703, "val_MAE": 0.850734680891037, "_timestamp": 1688449806.7678318, "_runtime": 26.10075569152832, "_step": 9, "_wandb": {"runtime": 25}}