{"epoch": 99, "train_loss": 172.5216522216797, "val_loss": 17.13517951965332, "train_MAE": 7.729292363831491, "val_MAE": 3.2806100368499758, "_timestamp": 1688379663.9636798, "_runtime": 48.06539273262024, "_step": 99, "_wandb": {"runtime": 47}}