{
  "activation": "exu",
  "batch_size": 64,
  "decay_rate": 0.005,
  "dropout": 0.30000000000000004,
  "early_stopping_patience": 50,
  "feature_dropout": 0.15000000000000002,
  "hidden_sizes": [
    64,
    32
  ],
  "l2_regularization": 1.0823395873902058e-06,
  "log_loss_frequency": 20,
  "logdir": "output",
  "lr": 0.018666547214039687,
  "num_basis_functions": 64,
  "num_epochs": 100,
  "output_regularization": 0.003350167067240151,
  "regression": true,
  "shuffle": true,
  "use_dnn": false,
  "wandb": false
}