{"epoch": 99, "train_loss": 78.1905746459961, "val_loss": 9.543107986450195, "train_MAE": 4.996008244427768, "val_MAE": 2.0119813680648804, "_timestamp": 1688379296.2606695, "_runtime": 47.04849147796631, "_step": 99, "_wandb": {"runtime": 46}}