{
  "activation": "relu",
  "batch_size": 32,
  "decay_rate": 0.005,
  "dropout": 0.30000000000000004,
  "early_stopping_patience": 50,
  "feature_dropout": 0.15000000000000002,
  "hidden_sizes": [
    64,
    32
  ],
  "l2_regularization": 4.191900979611467e-05,
  "log_loss_frequency": 20,
  "logdir": "output",
  "lr": 0.02350514461223956,
  "num_basis_functions": 64,
  "num_epochs": 10,
  "output_regularization": 0.0010732506283030684,
  "regression": true,
  "shuffle": true,
  "use_dnn": false,
  "wandb": false
}