{"epoch": 49, "train_loss": 1.516242504119873, "val_loss": 1.3245670795440674, "train_MAE": 0.9720046032558788, "val_MAE": 0.9324871897697449, "_timestamp": 1688466017.8498878, "_runtime": 31.99154281616211, "_step": 54, "regression": {"_type": "plotly-file", "sha256": "a08ab442fc13aa4512fcaeaa2e11e01c6c7dfbafa66955f0eeb8a70b5ecf1ae4", "size": 166132, "path": "media/plotly/regression_45_a08ab442fc13aa4512fc.plotly.json"}, "_wandb": {"runtime": 31}}