{"epoch": 49, "train_loss": 4.217123031616211, "val_loss": 3.9009079933166504, "train_MAE": 1.6568628657947888, "val_MAE": 1.6363505721092224, "_timestamp": 1688465086.4552758, "_runtime": 31.140365839004517, "_step": 54, "regression": {"_type": "plotly-file", "sha256": "a7de6bdabbc381c09a897f132f051077ddf8daf079163f4e2f6d0574ec02a585", "size": 165321, "path": "media/plotly/regression_45_a7de6bdabbc381c09a89.plotly.json"}, "_wandb": {"runtime": 30}}