{"epoch": 99, "train_loss": 12.843629837036133, "val_loss": 10.938705444335938, "train_MAE": 1.4071407534859397, "val_MAE": 0.7932902932167053, "_timestamp": 1688380446.2603273, "_runtime": 47.3342764377594, "_step": 99, "_wandb": {"runtime": 46}}