{"epoch": 49, "train_loss": 1.516272783279419, "val_loss": 1.529544711112976, "train_MAE": 0.9488119157877836, "val_MAE": 1.0008780658245087, "_timestamp": 1688464460.371591, "_runtime": 30.24122405052185, "_step": 54, "regression": {"_type": "plotly-file", "sha256": "728fe7cacc1ba75e2c14b63ef4fdaf89e7890de64076cd838ff2eb4b4863717b", "size": 165484, "path": "media/plotly/regression_45_728fe7cacc1ba75e2c14.plotly.json"}, "_wandb": {"runtime": 29}}