{"epoch": 49, "train_loss": 4.248852252960205, "val_loss": 6.352591514587402, "train_MAE": 1.6615369645032017, "val_MAE": 2.0979267358779907, "_timestamp": 1688463710.023607, "_runtime": 32.61209797859192, "_step": 54, "regression": {"_type": "plotly-file", "sha256": "502ead9ea0b6827d09ce7e43916d598ba7c97e7b8f83c4e8c4d017671497476e", "size": 167945, "path": "media/plotly/regression_45_502ead9ea0b6827d09ce.plotly.json"}, "_wandb": {"runtime": 32}}