{"epoch": 99, "train_loss": 57.46879577636719, "val_loss": 14.755401611328125, "train_MAE": 5.885316212972005, "val_MAE": 3.579772186279297, "_timestamp": 1688378595.4487941, "_runtime": 47.65615510940552, "_step": 99, "_wandb": {"runtime": 47}}