{"epoch": 99, "train_loss": 12.496522903442383, "val_loss": 12.427000045776367, "train_MAE": 0.8644788012360082, "val_MAE": 0.8677453637123108, "_timestamp": 1688379477.5169072, "_runtime": 45.470264196395874, "_step": 99, "_wandb": {"runtime": 44}}