{"epoch": 99, "train_loss": 121.20811462402344, "val_loss": 15.292737007141113, "train_MAE": 7.851366144238097, "val_MAE": 3.5099868297576906, "_timestamp": 1688377061.1964087, "_runtime": 47.109299659729004, "_step": 99, "_wandb": {"runtime": 46}}