{"epoch": 99, "train_loss": 71.42750549316406, "val_loss": 4.630908966064453, "train_MAE": 6.245969049858324, "val_MAE": 1.3000557184219361, "_timestamp": 1688378650.2260344, "_runtime": 45.34332036972046, "_step": 99, "_wandb": {"runtime": 44}}