{"epoch": 49, "train_loss": 1.3270900249481201, "val_loss": 2.23773455619812, "train_MAE": 0.8962929032065652, "val_MAE": 1.219760000705719, "_timestamp": 1688464709.676526, "_runtime": 30.1656711101532, "_step": 54, "regression": {"_type": "plotly-file", "sha256": "efe0bc5c7f1fa549ac8072afdd2e9a0230b202e4bae920fde165d52aa58d24ca", "size": 165778, "path": "media/plotly/regression_45_efe0bc5c7f1fa549ac80.plotly.json"}, "_wandb": {"runtime": 29}}