{"epoch": 9, "train_loss": 4.115512371063232, "val_loss": 2.36006760597229, "train_MAE": 1.6393761092966253, "val_MAE": 1.2633630633354187, "_timestamp": 1688449769.1033697, "_runtime": 25.456947803497314, "_step": 9, "_wandb": {"runtime": 24}}