{"epoch": 99, "train_loss": 221.4584197998047, "val_loss": 3.8126959800720215, "train_MAE": 10.90206394773541, "val_MAE": 1.22759211063385, "_timestamp": 1688377527.7489138, "_runtime": 48.09640669822693, "_step": 99, "_wandb": {"runtime": 47}}