{"epoch": 49, "train_loss": 1.5341105461120605, "val_loss": 1.1493405103683472, "train_MAE": 0.9513317184014753, "val_MAE": 0.8258543610572815, "_timestamp": 1688466231.294669, "_runtime": 30.884495973587036, "_step": 54, "regression": {"_type": "plotly-file", "sha256": "fd18570ce59fc77fe054e060f640b00bd17bbbd28e753531cfe81d2b6b45dde9", "size": 165458, "path": "media/plotly/regression_45_fd18570ce59fc77fe054.plotly.json"}, "_wandb": {"runtime": 30}}