{"epoch": 99, "train_loss": 107.29273223876953, "val_loss": 3.291800022125244, "train_MAE": 7.154178633834377, "val_MAE": 1.223522424697876, "_timestamp": 1688377170.0513244, "_runtime": 42.03044128417969, "_step": 99, "_wandb": {"runtime": 41}}