{"epoch": 99, "train_loss": 887.8089599609375, "val_loss": 157.7210693359375, "train_MAE": 22.980865998701617, "val_MAE": 9.285226821899414, "_timestamp": 1688376370.3797135, "_runtime": 48.075764417648315, "_step": 99, "_wandb": {"runtime": 47}}