{"epoch": 49, "train_loss": 2.33945631980896, "val_loss": 1.681689977645874, "train_MAE": 1.171706047925082, "val_MAE": 1.0308023691177368, "_timestamp": 1688464879.0880935, "_runtime": 32.28865051269531, "_step": 54, "regression": {"_type": "plotly-file", "sha256": "40550d9552e6fdf89a62042e882662e022fca9b595524f7527a6a3964fa8e7e9", "size": 166399, "path": "media/plotly/regression_45_40550d9552e6fdf89a62.plotly.json"}, "_wandb": {"runtime": 31}}