{"epoch": 99, "train_loss": 201.5740966796875, "val_loss": 14.989227294921875, "train_MAE": 11.735949111707283, "val_MAE": 3.5615362167358398, "_timestamp": 1688380744.4679635, "_runtime": 47.20775842666626, "_step": 99, "_wandb": {"runtime": 46}}