{"epoch": 49, "train_loss": 2.7576704025268555, "val_loss": 1.4938946962356567, "train_MAE": 1.2717765027826482, "val_MAE": 0.9852388799190521, "_timestamp": 1688465891.0345814, "_runtime": 30.838682413101196, "_step": 54, "regression": {"_type": "plotly-file", "sha256": "e92cc7d03c4ae0bec689f2e2dd1abef3711090b5a66c65e793ab51073b429d44", "size": 165364, "path": "media/plotly/regression_45_e92cc7d03c4ae0bec689.plotly.json"}, "_wandb": {"runtime": 30}}