{"epoch": 24, "train_loss": 1.157519817352295, "val_loss": 1.0802110433578491, "train_MAE": 0.8495926802808588, "val_MAE": 0.8118531703948975, "_timestamp": 1688460833.0632849, "_runtime": 27.9751718044281, "_step": 29, "regression": {"_type": "plotly-file", "sha256": "6b66243614247f73198e66a86b0148b379060331b70708da56d8ec090a12b7a0", "size": 167029, "path": "media/plotly/regression_25_6b66243614247f73198e.plotly.json"}, "_wandb": {"runtime": 27}}